beef1.jpg,bread1.jpg,butter1.jpg,cheddar1.jpg,cheddar4.jpeg,cheddar5.png,dog.jpg,egg1.jpg,flour1.jpg,garlic2.png,milk1.jpg,pepper1.jpg,salt1.jpg,
Pork,Food,Food,Sweets,Noodle,Food,Mammal,Egg,Powder,Plant,Beverage,Rug,Light,
Food,Bread,Butter,Food,Food,Sliced,Canine,Food,Food,Food,Milk,Plant,Food,
Steak,Bun,Plant,Confectionery,Pasta,Plant,Pet,Food,Flour,Vegetable,Drink,Food,Powder,
Plant,Bread Loaf,Banana,Bread,Rug,Rose,Dog,Pill,Flour,Garlic,Dairy,Vegetable,Flour,
Dessert,French Loaf,Fruit,Plant,Plant,Flower,Animal,Medication,Powder,Fungus,Shaker,Grain,Bottle,
Food,Bread,Food,Sliced,Vermicelli,Blossom,German Shepherd,Egg,Food,Plant,Bottle,Produce,Plant,
Wedding Cake,Food,Butter,Chocolate,Macaroni,Dessert,Wolf,Food,Creme,Vegetable,Beverage,Seasoning,Shaker,
Cake,Bread Loaf,Box,Fudge,,Brie,,Pill,Dessert,Food,Drink,Seed,Food,
Steak,French Loaf,Butter,Dessert,,,,Medication,Cream,Garlic,Milk,Sesame,Sugar,
Food,French Toast,Food,Box,,,,Egg,Ice Cream,,Dairy,Seasoning,Powder,
Plant,Toast,Food,Plant,,,,Food,Beverage,,Milk,Food,,
Dish,Bread,Butter,Fruit,,,,Egg,Milk,,Drink,Sesame,,
Meal,Food,,Food,,,,Plant,Drink,,Beverage,Plant,,
Food,Bread Loaf,,Meal,,,,Frying Pan,Bowl,,Dairy,Pineapple,,
Steak,French Loaf,,Dish,,,,Wok,Powder,,,Fruit,,
Sliced,Hot Dog,,Home Decor,,,,Cutlery,Flour,,,Rug,,
Food,Bun,,Grapes,,,,Spoon,Food,,,Animal,,
Steak,Food,,Sliced,,,,,Dessert,,,Bird,,
Pork,Bread,,,,,,,Ice Cream,,,Plant,,
Roast,French Loaf,,,,,,,Cream,,,Food,,
Ham,Bread Loaf,,,,,,,Creme,,,Produce,,
Steak,Hot Dog,,,,,,,Beverage,,,Fruit,,
Food,Bun,,,,,,,Milk,,,Pineapple,,
Pork,Bread,,,,,,,Drink,,,Vegetable,,
,Food,,,,,,,Plant,,,Spice,,
,French Loaf,,,,,,,Powder,,,Mustard,,
,Bread Loaf,,,,,,,Flour,,,,,
,French Toast,,,,,,,Food,,,,,
,Toast,,,,,,,Rug,,,,,
,Cornbread,,,,,,,Bread,,,,,
,Food,,,,,,,,,,,,
,Bread,,,,,,,,,,,,
,Bread Loaf,,,,,,,,,,,,
,French Loaf,,,,,,,,,,,,
,Hot Dog,,,,,,,,,,,,
,Sliced,,,,,,,,,,,,
,Lunch,,,,,,,,,,,,
,Meal,,,,,,,,,,,,
